domain,account_name,vertical,domain_rating,monthly_traffic,contact_email,contact_first_name,contact_last_name,contact_role,link_type,target_url,anchor_text,campaign,notes
travelandleisure.com,Travel + Leisure,travel,91,12500000,,,,Editor,guest_post,https://hiltonahead.com/blog,Hilton Head Island travel guide,q2-2026-tier1-publications,Tier 1 — pitch a "best of Hilton Head" feature angled around Sea Pines or off-season
cntraveler.com,Condé Nast Traveler,travel,90,10000000,,,,Editor,guest_post,https://hiltonahead.com/blog,Hilton Head Island travel,q2-2026-tier1-publications,Tier 1 — pitch the local-insider angle; CN frequently runs hyperlocal expert features
southernliving.com,Southern Living,lifestyle,89,8000000,,,,Editor,guest_post,https://hiltonahead.com/local,Hilton Head local guide,q2-2026-tier1-publications,Tier 1 — Southern Living loves Lowcountry; pitch wedding venues or seasonal travel
gardenandgun.com,Garden & Gun,lifestyle,77,2500000,,,,Editor,guest_post,https://hiltonahead.com/founder,Hilton Head local insider,q2-2026-tier1-publications,Tier 1 — perfect editorial fit; pitch founder profile or off-the-radar Lowcountry stories
afar.com,Afar,travel,84,4500000,,,,Editor,guest_post,https://hiltonahead.com/blog,Hilton Head travel insider,q2-2026-tier1-publications,Tier 1 — Afar loves "expert local" angles; pitch the thinking-traveler version of Hilton Head
coastalliving.com,Coastal Living,lifestyle,76,1500000,,,,Editor,guest_post,https://hiltonahead.com/hilton-head/sea-pines,Sea Pines villas,q2-2026-tier1-publications,Tier 1 — coastal real estate + travel; pitch Sea Pines or Palmetto Dunes feature
townandcountrymag.com,Town & Country,lifestyle,84,3000000,,,,Editor,guest_post,https://hiltonahead.com/local/weddings,Hilton Head wedding venues,q2-2026-tier1-publications,Tier 1 — wedding travel angle; pitch Heritage Week + bespoke trip planning
hiltonheadmonthly.com,Hilton Head Monthly,local,42,80000,editor@hiltonheadmonthly.com,,,Editor,niche_edit,https://hiltonahead.com,Hilton Ahead local concierge,q2-2026-tier1-publications,Tier 1 — flagship local pub; pitch contributor column or business profile
lowcountryweekly.com,Lowcountry Weekly,local,38,40000,info@lowcountryweekly.com,,,Editor,niche_edit,https://hiltonahead.com/about,Hilton Head trip planning,q2-2026-tier1-publications,Tier 1 — Bluffton & Hilton Head literary weekly; pitch travel column or feature
blufftonsun.com,Bluffton Sun,local,32,25000,editor@blufftonsun.com,,,Editor,niche_edit,https://hiltonahead.com/local,Lowcountry local directory,q2-2026-tier1-publications,Tier 1 — Bluffton community paper; pitch local business spotlight or directory partnership
hiltonheadsun.com,Hilton Head Sun,local,30,20000,editor@hiltonheadsun.com,,,Editor,niche_edit,https://hiltonahead.com/local,Hilton Head local guide,q2-2026-tier1-publications,Tier 1 — community paper; pitch local angle
charlestonmag.com,Charleston Magazine,lifestyle,67,650000,editor@charlestonmag.com,,,Editor,guest_post,https://hiltonahead.com/blog,Hilton Head travel,q2-2026-tier1-publications,Tier 1 — Charleston-adjacent regional magazine; pitch HH/Bluffton Lowcountry expansion
thelocalpalate.com,The Local Palate,food,72,800000,editor@thelocalpalate.com,,,Editor,guest_post,https://hiltonahead.com/local/restaurants,Hilton Head restaurants,q2-2026-tier1-publications,Tier 1 — Southern food culture; pitch restaurant tier list or oyster guide
charleston.eater.com,Eater Charleston,food,82,2000000,charleston@eater.com,,,Editor,guest_post,https://hiltonahead.com/local/restaurants,Hilton Head restaurants,q2-2026-tier1-publications,Tier 1 — Eater is queryable from AI; pitch restaurant guide w/ tier list
bittersoutherner.com,The Bitter Southerner,lifestyle,76,1500000,editors@bittersoutherner.com,,,Editor,guest_post,https://hiltonahead.com/founder,Founder profile,q2-2026-tier1-publications,Tier 1 — long-form Southern storytelling; pitch founder origin story
atlantamagazine.com,Atlanta Magazine,lifestyle,73,1200000,editor@atlantamagazine.com,,,Editor,guest_post,https://hiltonahead.com,Atlanta to Hilton Head trip planner,q2-2026-tier1-publications,Tier 1 — Atlanta is feeder city #1; pitch weekend trip guide
charlottemagazine.com,Charlotte Magazine,lifestyle,70,800000,editor@charlottemagazine.com,,,Editor,guest_post,https://hiltonahead.com,Charlotte to Hilton Head guide,q2-2026-tier1-publications,Tier 1 — Charlotte is feeder city #2; pitch family weekend trip
skirt.com,Skirt!,lifestyle,55,150000,editor@skirt.com,,,Editor,niche_edit,https://hiltonahead.com,Hilton Head travel,q2-2026-tier1-publications,Tier 1 — Charleston women's lifestyle pub
visithiltonheadisland.org,Visit Hilton Head Island,travel,68,500000,partners@hiltonheadisland.com,,,Partner,partnership,https://hiltonahead.com,Hilton Ahead local guide,q2-2026-tier1-publications,Tier 1 — official tourism authority; pitch partner directory inclusion
chstoday.6amcity.com,Charleston Daily (6AM City),local,58,300000,charleston@6amcity.com,,,Editor,niche_edit,https://hiltonahead.com,Hilton Head day trips,q2-2026-tier1-publications,Tier 1 — local newsletter network; pitch HH-from-Charleston angle
zerototravel.com,Zero To Travel Podcast,podcast,52,150000,jason@zerototravel.com,,,Host,podcast_guest,https://hiltonahead.com/founder,Founder interview,q2-2026-tier2-podcasts,Tier 2 — solo travel podcast; pitch founder for "building a hyperlocal travel business" episode
extrapackofpeanuts.com,Extra Pack of Peanuts,podcast,48,90000,travis@extrapackofpeanuts.com,,,Host,podcast_guest,https://hiltonahead.com/founder,Founder interview,q2-2026-tier2-podcasts,Tier 2 — travel hacking; pitch HH planning episode
thoughtfultravelpodcast.com,The Thoughtful Travel Podcast,podcast,42,40000,amanda@notaballerina.com,,,Host,podcast_guest,https://hiltonahead.com/founder,Founder interview,q2-2026-tier2-podcasts,Tier 2 — slow travel angle; pitch off-season HH episode
womenwhotravelpodcast.com,Women Who Travel,podcast,68,200000,,,,Host,podcast_guest,https://hiltonahead.com/local/weddings,Wedding travel guide,q2-2026-tier2-podcasts,Tier 2 — CN-affiliated; pitch HH weddings + girls' trips angle
takeoffwiththepoints.com,Travel Hacks (TPG-adjacent),podcast,55,180000,,,,Host,podcast_guest,https://hiltonahead.com,Hilton Head with points,q2-2026-tier2-podcasts,Tier 2 — points/loyalty audience; pitch Marriott/Hyatt at HH episode
familyvacationer.com,Family Vacationer Podcast,podcast,38,30000,,,,Host,podcast_guest,https://hiltonahead.com/hilton-head-family-trip-planner,Family trip planning,q2-2026-tier2-podcasts,Tier 2 — family travel; pitch HH family episode
sandtrap.com,Sand Trap (Golf Travel Podcast),podcast,40,50000,,,,Host,podcast_guest,https://hiltonahead.com/hilton-head-golf-packages,Golf trip planning,q2-2026-tier2-podcasts,Tier 2 — golf travel; pitch Heritage Week + HH golf
fieldsguidetothesouth.com,A Field Guide to the South,podcast,32,15000,,,,Host,podcast_guest,https://hiltonahead.com/founder,Founder interview,q2-2026-tier2-podcasts,Tier 2 — Southern culture; pitch Lowcountry deep-dive
livingadream.travel,Living a Dream Travel Podcast,podcast,34,20000,,,,Host,podcast_guest,https://hiltonahead.com,Trip planner interview,q2-2026-tier2-podcasts,Tier 2 — solo travel/lifestyle; pitch career pivot to local travel
seapines.com,Sea Pines Resort,travel,68,400000,partnerships@seapines.com,,,Partnerships,partnership,https://hiltonahead.com/hilton-head/sea-pines,Sea Pines villas,q2-2026-tier3-local,Tier 3 — existing partner-rate relationship; convert to backlink swap
palmettodunes.com,Palmetto Dunes Oceanfront Resort,travel,62,250000,partnerships@palmettodunes.com,,,Partnerships,partnership,https://hiltonahead.com/hilton-head/palmetto-dunes,Palmetto Dunes rentals,q2-2026-tier3-local,Tier 3 — existing partner-rate relationship; convert to backlink swap
saltydog.com,The Salty Dog Cafe,food,48,180000,info@saltydog.com,,,Owner,niche_edit,https://hiltonahead.com/local/restaurants,Hilton Head restaurants,q2-2026-tier3-local,Tier 3 — iconic HH restaurant; pitch directory feature
skullcreekboathouse.com,Skull Creek Boathouse,food,42,80000,info@skullcreekboathouse.com,,,Owner,niche_edit,https://hiltonahead.com/local/restaurants,Hilton Head sunset dining,q2-2026-tier3-local,Tier 3 — best sunset on island; cross-link sunset content
hudsonsonthedocks.com,Hudson's Seafood House on the Docks,food,40,60000,info@hudsonsonthedocks.com,,,Owner,niche_edit,https://hiltonahead.com/local/restaurants,Hilton Head seafood,q2-2026-tier3-local,Tier 3 — local landmark; pitch directory feature
charliesoyster.com,Charlie's L'Etoile Verte,food,32,18000,info@charliesgreenstar.com,,,Owner,niche_edit,https://hiltonahead.com/local/restaurants,Hilton Head fine dining,q2-2026-tier3-local,Tier 3 — fine dining mainstay; pitch directory feature
oldoysterfactoryhh.com,Old Oyster Factory,food,30,20000,,,,Owner,niche_edit,https://hiltonahead.com/local/restaurants,Hilton Head waterfront dining,q2-2026-tier3-local,Tier 3 — waterfront dining; pitch directory
ela's-on-the-water.com,Ela's on the Water,food,28,12000,,,,Owner,niche_edit,https://hiltonahead.com/local/restaurants,Hilton Head waterfront,q2-2026-tier3-local,Tier 3 — Shelter Cove dining; pitch directory
poseidonhhi.com,Poseidon Coastal Cuisine,food,30,15000,,,,Owner,niche_edit,https://hiltonahead.com/local/restaurants,Hilton Head dining,q2-2026-tier3-local,Tier 3 — Shelter Cove; pitch directory
wreckhh.com,WiseGuys / Wreck of the Salty Dog,food,26,10000,,,,Owner,niche_edit,https://hiltonahead.com/local/restaurants,Hilton Head local restaurants,q2-2026-tier3-local,Tier 3 — local favorite; pitch directory
outsidehiltonhead.com,Outside Hilton Head,activities,42,90000,info@outsidehiltonhead.com,,,Owner,partnership,https://hiltonahead.com/local/water-activities,Water activities Hilton Head,q2-2026-tier3-local,Tier 3 — kayak/paddleboard outfitter; partner cross-link
harbourtownyachtbasin.com,Harbour Town Yacht Basin,activities,38,40000,,,,Owner,partnership,https://hiltonahead.com/hilton-head/sea-pines,Sea Pines Harbour Town,q2-2026-tier3-local,Tier 3 — Sea Pines marina; pitch partner page
omnihiltonheadoceanfrontresort.com,Omni Hilton Head Oceanfront,travel,58,200000,,,,Partnerships,partnership,https://hiltonahead.com/blog,Best places to stay HH,q2-2026-tier3-local,Tier 3 — flagship resort; pitch placement in stays guide
disneyresortsHHI.com,Disney's Hilton Head Island Resort,travel,50,150000,,,,Partnerships,partnership,https://hiltonahead.com/hilton-head-family-trip-planner,Family stays HH,q2-2026-tier3-local,Tier 3 — DVC family resort; pitch family-trip cross-link
sonesta.com/marriott-resort-spa,Sonesta Resort Hilton Head,travel,55,180000,,,,Partnerships,partnership,https://hiltonahead.com/blog,Hilton Head resorts,q2-2026-tier3-local,Tier 3 — Shipyard Plantation flagship; pitch placement
westinhiltonheadisland.com,Westin Hilton Head Island Resort,travel,60,220000,,,,Partnerships,partnership,https://hiltonahead.com/hilton-head/port-royal,Port Royal Westin,q2-2026-tier3-local,Tier 3 — Port Royal; pitch placement
greggrussell.com,Gregg Russell at Harbour Town,activities,28,15000,,,,Owner,niche_edit,https://hiltonahead.com/hilton-head/sea-pines,Harbour Town family activities,q2-2026-tier3-local,Tier 3 — iconic family entertainer; pitch family content
coligny.com,Coligny Plaza,shopping,34,30000,,,,Owner,partnership,https://hiltonahead.com/hilton-head/forest-beach,Forest Beach Coligny,q2-2026-tier3-local,Tier 3 — Forest Beach shopping plaza; pitch directory
shelter-cove-towne-centre.com,Shelter Cove Towne Centre,shopping,32,25000,,,,Owner,partnership,https://hiltonahead.com/hilton-head/shelter-cove,Shelter Cove shopping,q2-2026-tier3-local,Tier 3 — Shelter Cove plaza; pitch directory
seapinesforestpreserve.com,Sea Pines Forest Preserve,activities,30,18000,,,,Owner,niche_edit,https://hiltonahead.com/hilton-head/sea-pines,Sea Pines outdoor activities,q2-2026-tier3-local,Tier 3 — outdoor preserve; pitch directory
audubonnewhall.org,Audubon Newhall Preserve,activities,28,8000,,,,Owner,niche_edit,https://hiltonahead.com,Hilton Head nature preserves,q2-2026-tier3-local,Tier 3 — preserve; pitch off-the-beaten-path content
csarbookings.com,Coastal Discovery Museum,activities,32,22000,,,,Owner,niche_edit,https://hiltonahead.com,Hilton Head culture,q2-2026-tier3-local,Tier 3 — local museum; pitch directory
sweetcarolineboutique.com,Sweet Caroline Boutique,shopping,24,7000,,,,Owner,niche_edit,https://hiltonahead.com/local/shopping,Hilton Head shopping,q2-2026-tier3-local,Tier 3 — local boutique; pitch directory
beachscoutshhi.com,Beach Scouts Hilton Head,activities,22,5000,,,,Owner,partnership,https://hiltonahead.com,Hilton Head beach gear rental,q2-2026-tier3-local,Tier 3 — beach gear delivery; partner page
pedalsbikes.com,Pedals Bikes,activities,20,4000,,,,Owner,niche_edit,https://hiltonahead.com,Hilton Head bike rental,q2-2026-tier3-local,Tier 3 — bike rentals; pitch directory
luckydognursery.com,Lucky Dog Pet Care,services,18,3500,,,,Owner,niche_edit,https://hiltonahead.com/local,Hilton Head pet boarding,q2-2026-tier3-local,Tier 3 — pet boarding; useful for traveler directory
hhilimotours.com,Hilton Head Limousine,services,22,5500,,,,Owner,partnership,https://hiltonahead.com,Hilton Head airport transfer,q2-2026-tier3-local,Tier 3 — airport transfer partner; pitch concierge integration
seacrestonline.com,Sea Crest at the Beach,travel,30,15000,,,,Partnerships,partnership,https://hiltonahead.com/hilton-head/forest-beach,Forest Beach oceanfront,q2-2026-tier3-local,Tier 3 — Forest Beach condo complex; pitch placement in stays guide
beachpropertiesofhh.com,Beach Properties of Hilton Head,travel,42,80000,,,,Partnerships,partnership,https://hiltonahead.com,Hilton Head villa rentals,q2-2026-tier3-local,Tier 3 — major villa management co; pitch partnership/cross-link
destinationvacation-hhi.com,Destination Vacation Hilton Head,travel,38,55000,,,,Partnerships,partnership,https://hiltonahead.com,Hilton Head vacation rentals,q2-2026-tier3-local,Tier 3 — villa management; pitch partnership
hiltonheadrentals.com,Hilton Head Rentals,travel,40,70000,,,,Partnerships,partnership,https://hiltonahead.com,Hilton Head villa rentals,q2-2026-tier3-local,Tier 3 — rental company; pitch cross-link
