company,industry,city,state,segment,source_channel,phone,email,facebook_url,enrichment_source,source_notes
Southern Barrel Brewing Co.,Brewery,Bluffton,SC,corporate,direct,(843) 837-2337,max@southernbarrel.com,,web-audit-2026-06,"Tier 1. Website: southernbarrel.com AND southernbarrelbrewingco.com — duplicate domains splitting SEO authority (consolidation pitch). Demand: est. 2015, first production microbrewery in Bluffton, 327 Yelp reviews, award-winning beer. INFERRED tell (duplicate domains) — verify in browser."
Off The Hook Fishing Charters,Fishing charter,Hilton Head Island,SC,corporate,direct,,CaptainBrianVaughn@gmail.com,https://www.facebook.com/OTHFISHINGCHARTERS/,web-audit-2026-06,"Tier 2. Website: offthehookcharters.com — Facebook-primary presence, .com may be thin. Demand: Capt. Brian Vaughn, 30+ yrs, top-cited inshore guide. No public phone surfaced. INFERRED — verify."
Hilton Head Bicycle Company,Bike rental,Hilton Head Island,SC,corporate,direct,(843) 686-6888,hhbicycle@yahoo.com,,web-audit-2026-06,"Tier 3 verify-the-site. Website: hiltonheadbicycle.com. Yahoo contact email = legacy signal. Demand: long-established island bike rental."
Maggie & Me,Women's boutique,Bluffton,SC,corporate,direct,(843) 707-9083,Maggieandme1@frontier.com,https://www.facebook.com/maggieandmebluffton/,web-audit-2026-06,"Tier 1. NO WEBSITE — Facebook-only; Frontier ISP email indicates zero web infrastructure. Greenfield web + e-commerce build. Demand: featured in 'best of Old Town Bluffton' shopping roundups. CONFIRMED no site."
The Store,Retail (gifts/home),Bluffton,SC,corporate,direct,(843) 757-3855,thestoresc@gmail.com,,web-audit-2026-06,"Tier 1. Website: thestoreblufftonsc.com is DEAD (won't connect / ECONNREFUSED) though still advertised everywhere; Gmail contact. Demand: Old Town institution since ~1978, has a Wikipedia article. CONFIRMED dead site."
The Back Door,Women's fashion boutique,Hilton Head Island,SC,corporate,direct,(843) 671-3677,style@thebackdoorhiltonhead.com,,web-audit-2026-06,"Tier 3 verify-the-site. Website: thebackdoorhiltonhead.com. Demand: 30+ yrs, clothing/shoes/jewelry."
Island Girl,Boutique,Hilton Head Island,SC,corporate,direct,(843) 686-6000,cheryl@islandgirlhhi.com,,web-audit-2026-06,"Tier 3 verify-the-site. Website: islandgirlhhi.com. Demand: established women's & children's boutique, Coligny Plaza."
Hilton Head Dental Spa,Dental / med-spa,Hilton Head Island,SC,corporate,direct,(843) 802-0155,JLHHISpa@gmail.com,,web-audit-2026-06,"Tier 2. Websites: hhdentalspa.com + hhmedicalspa.com — two competing domains split authority; Gmail contact. Demand: multi-service dental + aesthetics. INFERRED — verify."
FACES DaySpa,Day spa,Hilton Head Island,SC,corporate,direct,(843) 785-3075,relax@facesdayspa.com,,web-audit-2026-06,"Tier 2. Website: facesdayspa.com — booking via a tinyurl link plus a separate facesbeautyboutique.com store (fragmented presence). Demand: 'Best Day Spa' 10-15 yrs running. INFERRED — verify."
Thompson CPAs PC,Accounting / CPA,Bluffton,SC,corporate,direct,(843) 815-9399,tamara@thompsoncpapc.com,,web-audit-2026-06,"Tier 2. Website: thompsoncpapc.com (/taxservices.php) — .php CPASite-style template, dated. Part of the Bluffton CPA legacy-template cluster. Demand: established full-service CPA. INFERRED — verify."
Van Grouw Advisors,Accounting / CPA,Bluffton,SC,corporate,direct,(843) 815-6629,jim@jvgcpa.com,,web-audit-2026-06,"Tier 2. Website: vangrouwadvisors.com (/taxprep.php) plus two brand names (James L. Van Grouw LLC vs Van Grouw Advisors) — .php template + split identity. Demand: full-service tax/accounting. INFERRED — verify."
Brian Ange CPA LLC,Accounting / CPA,Bluffton,SC,corporate,direct,(843) 400-4590,info@brianangecpa.com,,web-audit-2026-06,"Tier 2. Website: brianangecpa.com — likely same .php CPA-template cluster. Demand: established local CPA. Email is generic info@ — confirm before sending. INFERRED."
Forsythe Jewelers,Jewelry retail,Hilton Head Island,SC,corporate,direct,(843) 671-7070,info@forsythejewelers.biz,,web-audit-2026-06,"Tier 2 (softer — has an online shop). Website: forsythejewelers.biz — unusual .biz TLD, aging WordPress. Demand: family-owned since 1981, AGS member. Email is generic info@ — confirm. INFERRED."
Green Coast Landscaping,Landscaping,Bluffton,SC,corporate,direct,(843) 505-5577,jennifervelez@thegreencoastlandscape.com,,web-audit-2026-06,"Tier 2. Website: thegreencoastlandscaping.net/home.html — flat .html page + .net = legacy build; note the email domain (thegreencoastlandscape.com) differs from the site domain. Demand: residential/commercial yard maintenance. INFERRED."
Island Pest Control,Pest control,Hilton Head Island,SC,corporate,direct,(843) 681-5188,office@islandpestcontrol.com,,web-audit-2026-06,"Tier 2. Surfaces mainly via third-party review directories rather than an owned site. Demand: 87 reviews, long-established exterminator. Email is generic office@ — confirm. INFERRED."
All's General Contracting,Contractor / remodeling,Bluffton,SC,corporate,direct,(843) 816-4233,noahall321@gmail.com,,web-audit-2026-06,"Tier 2. Website: agscconstruction.com — surfaces via Houzz; Gmail contact. Demand: 5.0 rating, 35+ yrs, renovations/roofing/decks. INFERRED."
Seabreeze Vacation Rentals,Vacation rental / property mgmt,Hilton Head Island,SC,corporate,direct,(843) 842-6069,seabreeze@cbrez.net,,web-audit-2026-06,"Tier 2. Website: seabreezehiltonhead.com — listings sit under a bolted-on /rns/ rental-network CMS (legacy). Demand: ~25 yrs, rentals + property mgmt + sales across Beaufort County. INFERRED."
Greenhouse Studios,Florist,Bluffton,SC,corporate,direct,(843) 368-3307,patrice@blufftonflorist.com,,web-audit-2026-06,"Tier 2. Website: blufftonflorist.com/about_us.php — .php legacy template. Demand: Bluffton wedding/event florist. INFERRED."
Mums The Word,Florist,Hilton Head Island,SC,corporate,direct,(843) 785-7899,jillian.mumstheword@outlook.com,,web-audit-2026-06,"Tier 2. Website: mumsthewordflowers.com — 40+ yr shop, likely aging site; Outlook contact email. Demand: long-tenured HHI florist. INFERRED."
