email,first_name,last_name,full_name,title,company,industry,zip,city,state,feeder_city,segment,estimated_hhi,party_size_guess,linkedin_url,instagram_handle,source_channel,source_campaign_slug,source_notes,enrichment_source
allen.brookhaven@example.com,Allen,Brookhaven,Allen Brookhaven,Managing Partner,Brookhaven Capital,Finance,30319,Atlanta,GA,Atlanta,golf,$500k-$1M,8,https://www.linkedin.com/in/allen-brookhaven-fake,,email,atlanta-golf-q1-2026,"Annual partner trip — 8 guys looking for Harbour Town tee times in October",manual
priya.buckhead@example.com,Priya,Buckhead,Priya Buckhead,VP Talent,Buckhead Talent Group,Recruiting,30305,Atlanta,GA,Atlanta,family,$200k-$500k,5,https://www.linkedin.com/in/priya-buckhead-fake,@priyabuckhead,email,atlanta-family-spring-2026,"Family of 5 (kids 4, 7, 11) — spring break, asked about Lawton Stables pony rides",apollo
ethan.uptown@example.com,Ethan,Uptown,Ethan Uptown,Chief of Surgery,Carolina Heart Institute,Medicine,28202,Charlotte,NC,Charlotte,couples,$1M+,2,https://www.linkedin.com/in/ethan-uptown-fake,,email,charlotte-couples-2026,"25th anniversary trip, just the two of us, oceanfront villa with chef",manual
sloan.dilworth@example.com,Sloan,Dilworth,Sloan Dilworth,Senior Partner,Dilworth McGee Law,Legal,28203,Charlotte,NC,Charlotte,golf,$500k-$1M,6,https://www.linkedin.com/in/sloan-dilworth-fake,,linkedin,charlotte-golf-2026,"Foursome of partners + sons — Father's Day weekend, want May River Golf",public_socials
maria.tribeca@example.com,Maria,Tribeca,Maria Tribeca,Director of Marketing,Spring Studio,Advertising,10013,New York,NY,NYC,honeymoon,$200k-$500k,2,https://www.linkedin.com/in/maria-tribeca-fake,@mariatribeca,instagram,nyc-honeymoon-2026,"Newlyweds — wedding in June, honeymoon early July, oceanfront villa with private pool",public_socials
james.fidi@example.com,James,Fidi,James Fidi,Portfolio Manager,Bridgewater East,Finance,10004,New York,NY,NYC,family,$1M+,4,https://www.linkedin.com/in/james-fidi-fake,,email,nyc-family-spring-2026,"Family of 4, kids 8 and 10, spring break, wants tennis camp + beach",apollo
linda.georgetown@example.com,Linda,Georgetown,Linda Georgetown,Managing Director,Strategic Partners DC,Consulting,20007,Washington,DC,DC,family,$500k-$1M,5,https://www.linkedin.com/in/linda-georgetown-fake,,email,dc-family-2026,"Family of 5, Easter break, asked about kid-friendly bike trails",manual
robert.backbay@example.com,Robert,Backbay,Robert Backbay,Retired Partner,Backbay Investments,Finance,02116,Boston,MA,Boston,snowbird,$1M+,2,https://www.linkedin.com/in/robert-backbay-fake,,email,boston-snowbird-2026,"Retired couple looking for 10 weeks January-March, long-stay rental near Sea Pines",manual
katie.lincolnpark@example.com,Katie,LincolnPark,Katie Lincoln Park,VP Sales,Cloud Northern,Technology,60614,Chicago,IL,Chicago,couples,$200k-$500k,2,https://www.linkedin.com/in/katie-lincolnpark-fake,,email,chicago-couples-2026,"Anniversary weekend escape from Chicago winter — couples weekend, mid-February",manual
jp.greenville@example.com,Jordan,Pickens,Jordan Pickens,Pediatrician,Greenville Pediatrics,Medicine,29607,Greenville,SC,Greenville-SC,family,$200k-$500k,5,https://www.linkedin.com/in/jordan-pickens-fake,,email,greenville-sc-family-2026,"Family of 5 (kids 3, 6, 9) — easy weekend drive over from Greenville, Easter break dates",manual
